1,Google.com
2,Facebook.com
3,Youtube.com
4,Yahoo.com
5,Baidu.com
6,Wikipedia.org
7,Twitter.com
8,Amazon.com
9,Qq.com
10,Linkedin.com
11,Taobao.com
12,Live.com
13,Google.co.in
14,Hao123.com
15,Sina.com.cn
16,Blogspot.com
17,Weibo.com
18,Yahoo.co.jp
19,Tmall.com
20,Sohu.com
21,Yandex.ru
22,Bing.com
23,Vk.com
24,Pinterest.com
25,Wordpress.com
26,Google.de
27,Ebay.com
28,360.cn
29,Instagram.com
30,Google.co.jp
31,Google.co.uk
32,Google.fr
33,Paypal.com
34,Msn.com
35,Soso.com
36,Google.com.br
37,Ask.com
38,Tumblr.com
39,Xvideos.com
40,Mail.ru
41,Microsoft.com
42,Google.ru
43,163.com
44,Imdb.com
45,Google.it
46,Imgur.com
47,Stackoverflow.com
48,Reddit.com
49,Apple.com
50,Google.es
51,Adcash.com
52,Craigslist.org
53,T.co
54,Amazon.co.jp
55,Aliexpress.com
56,Blogger.com
57,Google.com.mx
58,Alibaba.com
59,Xhamster.com
60,Fc2.com
61,Google.ca
62,Wordpress.org
63,Go.com
64,Cnn.com
65,Gmw.cn
66,People.com.cn
67,Bbc.co.uk
68,Adobe.com
69,Godaddy.com
70,Huffingtonpost.com
71,Google.co.id
72,Chinadaily.com.cn
73,Kickass.to
74,Pornhub.com
75,Google.com.tr
76,Amazon.de
77,Themeforest.net
78,Dropbox.com
79,Xinhuanet.com
80,Ifeng.com
81,Googleusercontent.com
82,Google.com.au
83,Netflix.com
84,Xnxx.com
85,Odnoklassniki.ru
86,Ebay.de
87,Dailymotion.com
88,Google.pl
89,Espn.go.com
90,Dailymail.co.uk
91,Thepiratebay.se
92,Uol.com.br
93,Flipkart.com
94,Booking.com
95,Akamaihd.net
96,Rakuten.co.jp
97,About.com
98,Onclickads.net
99,Bp.blogspot.com
100,Blogspot.in
101,Vimeo.com
102,Amazon.co.uk
103,Tudou.com
104,Indiatimes.com
105,Google.com.hk
106,Flickr.com
107,Ebay.co.uk
108,Redtube.com
109,Clkmon.com
110,Fiverr.com
111,Github.com
112,Cnet.com
113,Salesforce.com
114,Alipay.com
115,Vube.com
116,Google.com.ar
117,Outbrain.com
118,Nytimes.com
119,Pixnet.net
120,Globo.com
121,China.com
122,Buzzfeed.com
123,Aol.com
124,Google.com.sa
125,Youporn.com
126,Sogou.com
127,Google.com.eg
128,Yelp.com
129,Google.com.tw
130,Pconline.com.cn
131,W3schools.com
132,Ameblo.jp
133,Mailchimp.com
134,Slideshare.net
135,Livejasmin.com
136,Google.nl
137,Amazonaws.com
138,Mozilla.org
139,Aili.com
140,So.com
141,Secureserver.net
142,Directrev.com
143,Google.com.pk
144,Forbes.com
145,Theguardian.com
146,Hootsuite.com
147,Wikia.com
148,Bbc.com
149,Gmail.com
150,Adf.ly
151,Yaolan.com
152,Mama.cn
153,Gigacircle.com
154,Mmbang.com
155,Wikihow.com
156,Livedoor.com
157,Weather.com
158,Zol.com.cn
159,Livejournal.com
160,Google.co.za
161,Naver.com
162,Google.co.th
163,Skype.com
164,Deviantart.com
165,Caijing.com.cn
166,Soundcloud.com
167,Baomihua.com
168,Chase.com
169,Ettoday.net
170,Stumbleupon.com
171,Xcar.com.cn
172,Bankofamerica.com
173,Foxnews.com
174,Stackexchange.com
175,Spiegel.de
176,Canadaalltax.com
177,Archive.org
178,Mashable.com
179,Loading-delivery1.com
180,39.net
181,Torrentz.eu
182,Businessinsider.com
183,Walmart.com
184,Etsy.com
185,Hostgator.com
186,Moz.com
187,Files.wordpress.com
188,Indeed.com
189,Blogfa.com
190,Badoo.com
191,Amazon.in
192,Reference.com
193,Sourceforge.net
194,Gome.com.cn
195,Aweber.com
196,Addthis.com
197,Zillow.com
198,Mediafire.com
199,9gag.com
200,Answers.com
201,Conduit.com
202,Pchome.net
203,Tripadvisor.com
204,Liveinternet.ru
205,China.com.cn
206,Statcounter.com
207,Naver.jp
208,Blogspot.com.br
209,Google.gr
210,Shutterstock.com
211,Wellsfargo.com
212,Twitch.tv
213,Google.co.ve
214,Codecanyon.net
215,Coccoc.com
216,Jabong.com
217,Onet.pl
218,Avg.com
219,Google.com.co
220,Allegro.pl
221,Google.be
222,Nicovideo.jp
223,Lady8844.com
224,Rt.com
225,Google.co.kr
226,Google.com.my
227,Telegraph.co.uk
228,Doublepimp.com
229,4shared.com
230,Ikea.com
231,Wikimedia.org
232,Google.com.ua
233,Wix.com
234,Wordreference.com
235,Google.com.ng
236,Mystart.com
237,Inclk.com
238,Bitauto.com
239,Jrj.com.cn
240,Xgo.com.cn
241,Google.com.vn
242,Leboncoin.fr
243,Bild.de
244,Popads.net
245,Dmm.co.jp
246,Huanqiu.com
247,Rev2pub.com
248,Avito.ru
249,Bleacherreport.com
250,Tube8.com
251,Php.net
252,Snapdeal.com
253,Feedly.com
254,Yoka.com
255,Google.se
256,Bet365.com
257,Zeobit.com
258,Amazon.fr
259,Weebly.com
260,Force.com
261,Techcrunch.com
262,Enet.com.cn
263,Bitly.com
264,Wsj.com
265,Google.at
266,Ask.fm
267,Google.ro
268,Quora.com
269,Goo.ne.jp
270,Warriorforum.com
271,Acesse.com
272,Hudong.com
273,Xywy.com
274,Google.com.ph
275,Espncricinfo.com
276,Chinaz.com
277,Softonic.com
278,Pandora.com
279,Google.dz
280,Java.com
281,Google.cl
282,Ups.com
283,Zedo.com
284,Google.com.pe
285,Photobucket.com
286,Wp.pl
287,Usatoday.com
288,Hurriyet.com.tr
289,Washingtonpost.com
290,Disqus.com
291,Domaintools.com
292,Neobux.com
293,Goodreads.com
294,Infusionsoft.com
295,Gogorithm.com
296,Reuters.com
297,Zendesk.com
298,Google.com.sg
299,Goal.com
300,Gmx.net
301,Github.io
302,Mercadolivre.com.br
303,Speedtest.net
304,Daum.net
305,Theladbible.com
306,Rambler.ru
307,Tmz.com
308,Ndtv.com
309,Bongacams.com
310,Usps.com
311,Google.pt
312,Media.tumblr.com
313,Google.ch
314,Microsoftonline.com
315,Meetup.com
316,Douban.com
317,Comcast.net
318,Marca.com
319,Extratorrent.cc
320,Google.cz
321,Gsmarena.com
322,Kaskus.co.id
323,Jqw.com
324,Ebay.in
325,Rediff.com
326,Ehow.com
327,Samsung.com
328,Rutracker.org
329,Histats.com
330,Hp.com
331,Rbc.ru
332,Bluehost.com
333,Fedex.com
334,Goodgamestudios.com
335,Hdfcbank.com
336,Odesk.com
337,Webmd.com
338,Media1first.com
339,Varzesh3.com
340,Google.com.bd
341,Time.com
342,Ign.com
343,Yesky.com
344,Milliyet.com.tr
345,Stockstar.com
346,Scribd.com
347,Goo.gl
348,Pcbaby.com.cn
349,Icicibank.com
350,Americanexpress.com
351,Bestbuy.com
352,Repubblica.it
353,Gameforge.com
354,Cnzz.com
355,17ok.com
356,Taringa.net
357,Quikr.com
358,Tianya.cn
359,Target.com
360,Olx.in
361,Gfycat.com
362,Groupon.com
363,Constantcontact.com
364,Xuite.net
365,Uploaded.net
366,Ci123.com
367,Nih.gov
368,Web.de
369,Detik.com
370,4dsply.com
371,Abril.com.br
372,Cpmterra.com
373,Webssearches.com
374,Onlylady.com
375,Youradexchange.com
376,Lenta.ru
377,Free.fr
378,Kakaku.com
379,Probux.com
380,Zippyshare.com
381,Elance.com
382,Kompas.com
383,Lifehacker.com
384,Cj.com
385,Zeroredirect1.com
386,Getresponse.com
387,Google.no
388,Google.az
389,Thefreedictionary.com
390,Clickbank.com
391,Semrush.com
392,Google.ie
393,Fbcdn.net
394,Sahibinden.com
395,Bloomberg.com
396,B5m.com
397,Ebay.it
398,Voc.com.cn
399,Motherless.com
400,Youm7.com
401,Trello.com
402,Likes.com
403,Turboloves.net
404,Google.ae
405,Youjizz.com
406,Elmundo.es
407,Ameba.jp
408,Udn.com
409,Mlb.com
410,Capitalone.com
411,Elpais.com
412,Amazon.cn
413,List-manage.com
414,Iqiyi.com
415,Taboola.com
416,Youth.cn
417,Google.co.hu
418,Homedepot.com
419,Engadget.com
420,Pof.com
421,Nfl.com
422,Onlinesbi.com
423,Lemonde.fr
424,Evernote.com
425,Clicksvenue.com
426,Accuweather.com
427,Blackhatworld.com
428,Xing.com
429,Ebay.com.au
430,Abcnews.go.com
431,Amazon.it
432,Beeg.com
433,Ganji.com
434,Libero.it
435,4399.com
436,Issuu.com
437,Subscene.com
438,Rednet.cn
439,Drudgereport.com
440,Hulu.com
441,Steamcommunity.com
442,Vice.com
443,Kooora.com
444,Icmwebserv.com
445,Sabq.org
446,Privatehomeclips.com
447,Seznam.cz
448,Ria.ru
449,Gizmodo.com
450,Yandex.ua
451,Avira.com
452,Okcupid.com
453,Habrahabr.ru
454,Liveleak.com
455,Youboy.com
456,Google.co.il
457,Dell.com
458,Chaturbate.com
459,Surveymonkey.com
460,W3.org
461,T-online.de
462,Trovi.com
463,Shareasale.com
464,Battle.net
465,Chinatimes.com
466,Naukri.com
467,Xe.com
468,Independent.co.uk
469,Zoho.com
470,Istockphoto.com
471,Nydailynews.com
472,Zeroredirect2.com
473,Gazeta.pl
474,Lenovo.com
475,Doubleclick.com
476,Theverge.com
477,Expedia.com
478,Intuit.com
479,Hotels.com
480,Trulia.com
481,Retailmenot.com
482,Lefigaro.fr
483,Liputan6.com
484,Google.fi
485,Orange.fr
486,Intoday.in
487,Google.dk
488,It168.com
489,Bloglovin.com
490,Steampowered.com
491,Myntra.com
492,Ero-advertising.com
493,Hatena.ne.jp
494,Twimg.com
495,Uimserv.net
496,Blogspot.mx
497,Ucoz.ru
498,9gag.tv
499,51fanli.com
500,Oracle.com
